Adresse,Adresse du cr√©ateur
0x1ce270557C1f68Cfb577b856766310Bf8B47FD9C,0x808877b83a698f0d866e69591fdca106069e6d69
0x105CcEd8F692eB909881aA06B7D832D421c3aEAC,0x9cc7f5db03ba9e6c59867f64947dec39b69fc81d
0xdB97b1f68697aAebC9Ce0832660d8FBD981A8C7f,0x3f7a744925ad1bd96137872780d6110f6c812afa
0xd3af7e96cad8D72F577e55F87e1E56b60aA675b0,0x432c5ae71296a65cd8fcabc7f23458d6daa5e125
0x54492DF8494c7bbE47E358ce8f3E57CC48D09446,0x7f5a4d676125ded48fdc5bccd10d7ff362527f86
0xb076BDa1ABc154DdB4CCd9Be45542A823aEE290E,0xd701c0342153eda55711f7c52835199ce9f29bde
0xAC035cB7d39040208E11Ce73a93189F7F3c4B290,0x413f7fe3e6f06ec1e17c36f69cd4857eaa45212a
0xd3ed13f516Cc751A8E5Dbfe42760413257f807A7,0xa10b54a0991e57a8e5d218404c44401405330634
0x8a114660A8846f5f9BAD05bc91336cC5F40861F3,0x5b75a8c9f9c03355f10d794fda9c3425a894bfb6
0x13d6432245f6b0EEC8f0C2aeaD73945a86D21389,0x7996d4c2ba5106886345c6ef0ba3c90c6562171b
0x539F038b79A3A61B368a4d5591C1Bfba3D8Dd9a9,0x0eeb6908131dd66e5fc1c838daaa58547b1c7559
0x1859Cf581bE918b95e90c9f20EA481053cAb7D89,0x2012614d5f1517894c8e15dc07a18cfda3e1b41e
0xdc9B3083E8B18ed21F46bc5a092131Bfa13abC94,0x66c94f268c9fb39874dbb9c3980c8554c70d8e6b
0x41a63b005C908862F7045D19940b1A08Cec43D3c,0x3c1e2b1ba5a2100cad2c8f4196251fe40ef66282
0xB43c4875f2b0Bf464f9D747A0caae9FD8E754252,0x1773b49a964706d89e6867975717d76cc0926a75
0xBA692bA42dA4AA7fb3bbF92d802F558FedA2b2B8,0xa9e46381fd53e2fec2b10425a16cb9a6c46546f0
0xdC83EA597838A6a49988DbF8485e9eFA9544c2d2,0xf256e799641f698cbfa9a0d70fb477107fb876e6
0x3C0cA3932dCE6Bc33f4De581a85956f0F4fA0C8b,0xdcf0dac62a73d4c706d9b9e94d43338007310667
0xE6544Ec15455503B781D50309Dc2Dd15950fab0d,0xed658aa5c40270e4dc6ddace8dcdc122e3209039
0x3c79EB9d7a76F4EB7B2a5286aAcFbbD4FeAbe79A,0x367721e913fdb29910a12d554bc89898477ffcf0
0x03185Dd9BA1D47d99B977C3BdcE3d80855F99bF7,0xa6faa35422a0495e3cced686fb54016477120b20
0x6592783924f8e9fF06999d7e841656D1FD03E019,0x1211aec32aa3b47ba5ade4fbadde959f8f8a483b
0x9D4baa4445930A2Af6d973158AfC713F93f9cA48,0xd1fe9d59273f01e02496c60989aa27fc4ab90c45
0x721cDAb61A45960291b1231D0B5B8FB126C48705,0x2150451454e65a3c78895f8abfc10f2168ee5085
0x687D1Ff1961A33129207b0BB013C71def815Ec34,0x53fbe5c3f625d00484c5816c76e21aaaf9dec3b2
0xE549022d80ad3cE007BA5E54acAE0A847a741844,0x6fd0ed4f92a683ecd82a50cf0b376c090906fe4a
0xa589d8868607b8d79eE4288ce192796051263b64,0x79666baf8853838050bb8d6e0165e893235e86fe
0xADF7Ea49578344Cd738E3cE87485067485C3e4FF,0xe51c59fd5c28707ca81ce0273e6618811223278c
0x814638981890baeB84F622200d824Ee71fa4A375,0x2defdd9a85e630fc311719b11d7dcb7ecef423be
0x610C584F1275f0f7c982Af0aC7883Ff4Dba661Bd,0x7346b36fd7eb83b8a9bf9793e27a6bedefdd96ee
